{
  "Damaged_Infrastructure": 0.08641673624515533,
  "Fire_Disaster": 0.6699010729789734,
  "Human_Damage": 0.01587342657148838,
  "Land_Disaster": 0.021427694708108902,
  "Non_Damage": 0.5567276477813721
}
